c.1001C>T,http://hci-exlovd.hci.utah.edu/variants.php?select_db=BRCA1&action=search_all&search_Variant%2FDNA=c.1001C%3ET,,,
c.1067A>G,http://hci-exlovd.hci.utah.edu/variants.php?select_db=BRCA1&action=search_all&search_Variant%2FDNA=c.1067A>G,,,
c.1105G>A,http://hci-exlovd.hci.utah.edu/variants.php?select_db=BRCA1&action=search_all&search_Variant%2FDNA=c.1105G>A,,,
c.110C>A,http://hci-exlovd.hci.utah.edu/variants.php?select_db=BRCA1&action=search_all&search_Variant%2FDNA=c.110C>A,,,
c.115T>C,http://hci-exlovd.hci.utah.edu/variants.php?select_db=BRCA1&action=search_all&search_Variant%2FDNA=c.115T>C,,,
c.122A>G,http://hci-exlovd.hci.utah.edu/variants.php?select_db=BRCA1&action=search_all&search_Variant%2FDNA=c.122A>G,,,
c.130T>A,http://hci-exlovd.hci.utah.edu/variants.php?select_db=BRCA1&action=search_all&search_Variant%2FDNA=c.130T>A,,,
c.131G>A,http://hci-exlovd.hci.utah.edu/variants.php?select_db=BRCA1&action=search_all&search_Variant%2FDNA=c.131G>A,,,
c.133A>C,http://hci-exlovd.hci.utah.edu/variants.php?select_db=BRCA1&action=search_all&search_Variant%2FDNA=c.133A>C,,,
c.1418A>G,http://hci-exlovd.hci.utah.edu/variants.php?select_db=BRCA1&action=search_all&search_Variant%2FDNA=c.1418A>G,,,
c.1456T>C,http://hci-exlovd.hci.utah.edu/variants.php?select_db=BRCA1&action=search_all&search_Variant%2FDNA=c.1456T>C,,,
c.1486C>T,http://hci-exlovd.hci.utah.edu/variants.php?select_db=BRCA1&action=search_all&search_Variant%2FDNA=c.1486C>T,,,
c.1487G>A,http://hci-exlovd.hci.utah.edu/variants.php?select_db=BRCA1&action=search_all&search_Variant%2FDNA=c.1487G>A,,,
c.1511G>A,http://hci-exlovd.hci.utah.edu/variants.php?select_db=BRCA1&action=search_all&search_Variant%2FDNA=c.1511G>A,,,
c.1648A>C,http://hci-exlovd.hci.utah.edu/variants.php?select_db=BRCA1&action=search_all&search_Variant%2FDNA=c.1648A>C,,,
c.1789G>A,http://hci-exlovd.hci.utah.edu/variants.php?select_db=BRCA1&action=search_all&search_Variant%2FDNA=c.1789G>A,,,
c.181T>G,http://hci-exlovd.hci.utah.edu/variants.php?select_db=BRCA1&action=search_all&search_Variant%2FDNA=c.181T>G,,,
c.1865C>T,http://hci-exlovd.hci.utah.edu/variants.php?select_db=BRCA1&action=search_all&search_Variant%2FDNA=c.1865C>T,,,
c.1924G>C,http://hci-exlovd.hci.utah.edu/variants.php?select_db=BRCA1&action=search_all&search_Variant%2FDNA=c.1924G>C,,,
c.199G>T,http://hci-exlovd.hci.utah.edu/variants.php?select_db=BRCA1&action=search_all&search_Variant%2FDNA=c.199G>T,,,
c.2002C>T,http://hci-exlovd.hci.utah.edu/variants.php?select_db=BRCA1&action=search_all&search_Variant%2FDNA=c.2002C>T,,,
c.2077G>A,http://hci-exlovd.hci.utah.edu/variants.php?select_db=BRCA1&action=search_all&search_Variant%2FDNA=c.2077G>A,,,
c.212+3A>G,http://hci-exlovd.hci.utah.edu/variants.php?select_db=BRCA1&action=search_all&search_Variant%2FDNA=c.212+3A>G,,,
c.2167A>G,http://hci-exlovd.hci.utah.edu/variants.php?select_db=BRCA1&action=search_all&search_Variant%2FDNA=c.2167A>G,,,
c.2315T>C,http://hci-exlovd.hci.utah.edu/variants.php?select_db=BRCA1&action=search_all&search_Variant%2FDNA=c.2315T>C,,,
c.2412G>C,http://hci-exlovd.hci.utah.edu/variants.php?select_db=BRCA1&action=search_all&search_Variant%2FDNA=c.2412G>C,,,
c.2428A>T,http://hci-exlovd.hci.utah.edu/variants.php?select_db=BRCA1&action=search_all&search_Variant%2FDNA=c.2428A>T,,,
c.2458A>G,http://hci-exlovd.hci.utah.edu/variants.php?select_db=BRCA1&action=search_all&search_Variant%2FDNA=c.2458A>G,,,
c.2477C>A,http://hci-exlovd.hci.utah.edu/variants.php?select_db=BRCA1&action=search_all&search_Variant%2FDNA=c.2477C>A,,,
c.2521C>T,http://hci-exlovd.hci.utah.edu/variants.php?select_db=BRCA1&action=search_all&search_Variant%2FDNA=c.2521C>T,,,
c.2525A>G,http://hci-exlovd.hci.utah.edu/variants.php?select_db=BRCA1&action=search_all&search_Variant%2FDNA=c.2525A>G,,,
c.2566T>C,http://hci-exlovd.hci.utah.edu/variants.php?select_db=BRCA1&action=search_all&search_Variant%2FDNA=c.2566T>C,,,
c.2584A>G,http://hci-exlovd.hci.utah.edu/variants.php?select_db=BRCA1&action=search_all&search_Variant%2FDNA=c.2584A>G,,,
c.2596C>T,http://hci-exlovd.hci.utah.edu/variants.php?select_db=BRCA1&action=search_all&search_Variant%2FDNA=c.2596C>T,,,
c.2612C>T,http://hci-exlovd.hci.utah.edu/variants.php?select_db=BRCA1&action=search_all&search_Variant%2FDNA=c.2612C>T,,,
c.2669G>T,http://hci-exlovd.hci.utah.edu/variants.php?select_db=BRCA1&action=search_all&search_Variant%2FDNA=c.2669G>T,,,
c.2773A>C,http://hci-exlovd.hci.utah.edu/variants.php?select_db=BRCA1&action=search_all&search_Variant%2FDNA=c.2773A>C,,,
c.302-1G>C,http://hci-exlovd.hci.utah.edu/variants.php?select_db=BRCA1&action=search_all&search_Variant%2FDNA=c.302-1G>C,,,
c.3022A>G,http://hci-exlovd.hci.utah.edu/variants.php?select_db=BRCA1&action=search_all&search_Variant%2FDNA=c.3022A>G,,,
c.3024G>A,http://hci-exlovd.hci.utah.edu/variants.php?select_db=BRCA1&action=search_all&search_Variant%2FDNA=c.3024G>A,,,
c.3083G>A,http://hci-exlovd.hci.utah.edu/variants.php?select_db=BRCA1&action=search_all&search_Variant%2FDNA=c.3083G>A,,,
c.3113A>G,http://hci-exlovd.hci.utah.edu/variants.php?select_db=BRCA1&action=search_all&search_Variant%2FDNA=c.3113A>G,,,
c.3119G>A,http://hci-exlovd.hci.utah.edu/variants.php?select_db=BRCA1&action=search_all&search_Variant%2FDNA=c.3119G>A,,,
c.3130A>G,http://hci-exlovd.hci.utah.edu/variants.php?select_db=BRCA1&action=search_all&search_Variant%2FDNA=c.3130A>G,,,
c.314A>G,http://hci-exlovd.hci.utah.edu/variants.php?select_db=BRCA1&action=search_all&search_Variant%2FDNA=c.314A>G,,,
c.3296C>T,http://hci-exlovd.hci.utah.edu/variants.php?select_db=BRCA1&action=search_all&search_Variant%2FDNA=c.3296C>T,,,
c.3302G>A,http://hci-exlovd.hci.utah.edu/variants.php?select_db=BRCA1&action=search_all&search_Variant%2FDNA=c.3302G>A,,,
c.3327A>C,http://hci-exlovd.hci.utah.edu/variants.php?select_db=BRCA1&action=search_all&search_Variant%2FDNA=c.3327A>C,,,
c.3418A>G,http://hci-exlovd.hci.utah.edu/variants.php?select_db=BRCA1&action=search_all&search_Variant%2FDNA=c.3418A>G,,,
c.3463G>C,http://hci-exlovd.hci.utah.edu/variants.php?select_db=BRCA1&action=search_all&search_Variant%2FDNA=c.3463G>C,,,
c.3548A>G,http://hci-exlovd.hci.utah.edu/variants.php?select_db=BRCA1&action=search_all&search_Variant%2FDNA=c.3548A>G,,,
c.3608G>A,http://hci-exlovd.hci.utah.edu/variants.php?select_db=BRCA1&action=search_all&search_Variant%2FDNA=c.3608G>A,,,
c.3640G>A,http://hci-exlovd.hci.utah.edu/variants.php?select_db=BRCA1&action=search_all&search_Variant%2FDNA=c.3640G>A,,,
c.370A>G,http://hci-exlovd.hci.utah.edu/variants.php?select_db=BRCA1&action=search_all&search_Variant%2FDNA=c.370A>G,,,
c.3713C>T,http://hci-exlovd.hci.utah.edu/variants.php?select_db=BRCA1&action=search_all&search_Variant%2FDNA=c.3713C>T,,,
c.3739G>A,http://hci-exlovd.hci.utah.edu/variants.php?select_db=BRCA1&action=search_all&search_Variant%2FDNA=c.3739G>A,,,
c.3748G>A,http://hci-exlovd.hci.utah.edu/variants.php?select_db=BRCA1&action=search_all&search_Variant%2FDNA=c.3748G>A,,,
c.3797G>C,http://hci-exlovd.hci.utah.edu/variants.php?select_db=BRCA1&action=search_all&search_Variant%2FDNA=c.3797G>C,,,
c.396C>A,http://hci-exlovd.hci.utah.edu/variants.php?select_db=BRCA1&action=search_all&search_Variant%2FDNA=c.396C>A,,,
c.4039A>G,http://hci-exlovd.hci.utah.edu/variants.php?select_db=BRCA1&action=search_all&search_Variant%2FDNA=c.4039A>G,,,
c.4046C>T,http://hci-exlovd.hci.utah.edu/variants.php?select_db=BRCA1&action=search_all&search_Variant%2FDNA=c.4046C>T,,,
c.4081A>C,http://hci-exlovd.hci.utah.edu/variants.php?select_db=BRCA1&action=search_all&search_Variant%2FDNA=c.4081A>C,,,
c.4097-11T>C,http://hci-exlovd.hci.utah.edu/variants.php?select_db=BRCA1&action=search_all&search_Variant%2FDNA=c.4097-11T>C,,,
c.4097-1G>A,http://hci-exlovd.hci.utah.edu/variants.php?select_db=BRCA1&action=search_all&search_Variant%2FDNA=c.4097-1G>A,,,
c.4204C>T,http://hci-exlovd.hci.utah.edu/variants.php?select_db=BRCA1&action=search_all&search_Variant%2FDNA=c.4204C>T,,,
c.4255G>C,http://hci-exlovd.hci.utah.edu/variants.php?select_db=BRCA1&action=search_all&search_Variant%2FDNA=c.4255G>C,,,
c.425C>A,http://hci-exlovd.hci.utah.edu/variants.php?select_db=BRCA1&action=search_all&search_Variant%2FDNA=c.425C>A,,,
c.427G>A,http://hci-exlovd.hci.utah.edu/variants.php?select_db=BRCA1&action=search_all&search_Variant%2FDNA=c.427G>A,,,
c.4357+1G>A,http://hci-exlovd.hci.utah.edu/variants.php?select_db=BRCA1&action=search_all&search_Variant%2FDNA=c.4357+1G>A,,,
c.4402A>C,http://hci-exlovd.hci.utah.edu/variants.php?select_db=BRCA1&action=search_all&search_Variant%2FDNA=c.4402A>C,,,
c.4535G>T,http://hci-exlovd.hci.utah.edu/variants.php?select_db=BRCA1&action=search_all&search_Variant%2FDNA=c.4535G>T,,,
c.4600G>A,http://hci-exlovd.hci.utah.edu/variants.php?select_db=BRCA1&action=search_all&search_Variant%2FDNA=c.4600G>A,,,
c.4636G>A,http://hci-exlovd.hci.utah.edu/variants.php?select_db=BRCA1&action=search_all&search_Variant%2FDNA=c.4636G>A,,,
c.4636G>T,http://hci-exlovd.hci.utah.edu/variants.php?select_db=BRCA1&action=search_all&search_Variant%2FDNA=c.4636G>T,,,
c.463C>G,http://hci-exlovd.hci.utah.edu/variants.php?select_db=BRCA1&action=search_all&search_Variant%2FDNA=c.463C>G,,,
c.4675+1G>A,http://hci-exlovd.hci.utah.edu/variants.php?select_db=BRCA1&action=search_all&search_Variant%2FDNA=c.4675+1G>A,,,
c.4691T>C,http://hci-exlovd.hci.utah.edu/variants.php?select_db=BRCA1&action=search_all&search_Variant%2FDNA=c.4691T>C,,,
c.4837A>G,http://hci-exlovd.hci.utah.edu/variants.php?select_db=BRCA1&action=search_all&search_Variant%2FDNA=c.4837A>G,,,
c.4840C>T,http://hci-exlovd.hci.utah.edu/variants.php?select_db=BRCA1&action=search_all&search_Variant%2FDNA=c.4840C>T,,,
c.4883T>C,http://hci-exlovd.hci.utah.edu/variants.php?select_db=BRCA1&action=search_all&search_Variant%2FDNA=c.4883T>C,,,
c.4910C>T,http://hci-exlovd.hci.utah.edu/variants.php?select_db=BRCA1&action=search_all&search_Variant%2FDNA=c.4910C>T,,,
c.4955T>C,http://hci-exlovd.hci.utah.edu/variants.php?select_db=BRCA1&action=search_all&search_Variant%2FDNA=c.4955T>C,,,
c.4956G>A,http://hci-exlovd.hci.utah.edu/variants.php?select_db=BRCA1&action=search_all&search_Variant%2FDNA=c.4956G>A,,,
c.4985T>C,http://hci-exlovd.hci.utah.edu/variants.php?select_db=BRCA1&action=search_all&search_Variant%2FDNA=c.4985T>C,,,
c.4987-20A>G,http://hci-exlovd.hci.utah.edu/variants.php?select_db=BRCA1&action=search_all&search_Variant%2FDNA=c.4987-20A>G,,,
c.4991T>C,http://hci-exlovd.hci.utah.edu/variants.php?select_db=BRCA1&action=search_all&search_Variant%2FDNA=c.4991T>C,,,
c.5044G>A,http://hci-exlovd.hci.utah.edu/variants.php?select_db=BRCA1&action=search_all&search_Variant%2FDNA=c.5044G>A,,,
c.5053A>G,http://hci-exlovd.hci.utah.edu/variants.php?select_db=BRCA1&action=search_all&search_Variant%2FDNA=c.5053A>G,,,
c.5054C>T,http://hci-exlovd.hci.utah.edu/variants.php?select_db=BRCA1&action=search_all&search_Variant%2FDNA=c.5054C>T,,,
c.5074+1G>A,http://hci-exlovd.hci.utah.edu/variants.php?select_db=BRCA1&action=search_all&search_Variant%2FDNA=c.5074+1G>A,,,
c.5095C>T,http://hci-exlovd.hci.utah.edu/variants.php?select_db=BRCA1&action=search_all&search_Variant%2FDNA=c.5095C>T,,,
c.5117G>A,http://hci-exlovd.hci.utah.edu/variants.php?select_db=BRCA1&action=search_all&search_Variant%2FDNA=c.5117G>A,,,
c.5117G>C,http://hci-exlovd.hci.utah.edu/variants.php?select_db=BRCA1&action=search_all&search_Variant%2FDNA=c.5117G>C,,,
c.5123C>A,http://hci-exlovd.hci.utah.edu/variants.php?select_db=BRCA1&action=search_all&search_Variant%2FDNA=c.5123C>A,,,
c.5143A>C,http://hci-exlovd.hci.utah.edu/variants.php?select_db=BRCA1&action=search_all&search_Variant%2FDNA=c.5143A>C,,,
c.5153-13A>G,http://hci-exlovd.hci.utah.edu/variants.php?select_db=BRCA1&action=search_all&search_Variant%2FDNA=c.5153-13A>G,,,
c.5153-1G>C,http://hci-exlovd.hci.utah.edu/variants.php?select_db=BRCA1&action=search_all&search_Variant%2FDNA=c.5153-1G>C,,,
c.5153-6C>A,http://hci-exlovd.hci.utah.edu/variants.php?select_db=BRCA1&action=search_all&search_Variant%2FDNA=c.5153-6C>A,,,
c.5158A>G,http://hci-exlovd.hci.utah.edu/variants.php?select_db=BRCA1&action=search_all&search_Variant%2FDNA=c.5158A>G,,,
c.5194-12G>A,http://hci-exlovd.hci.utah.edu/variants.php?select_db=BRCA1&action=search_all&search_Variant%2FDNA=c.5194-12G>A,,,
c.5212G>A,http://hci-exlovd.hci.utah.edu/variants.php?select_db=BRCA1&action=search_all&search_Variant%2FDNA=c.5212G>A,,,
c.5252G>A,http://hci-exlovd.hci.utah.edu/variants.php?select_db=BRCA1&action=search_all&search_Variant%2FDNA=c.5252G>A,,,
c.5277+1G>A,http://hci-exlovd.hci.utah.edu/variants.php?select_db=BRCA1&action=search_all&search_Variant%2FDNA=c.5277+1G>A,,,
c.5291T>C,http://hci-exlovd.hci.utah.edu/variants.php?select_db=BRCA1&action=search_all&search_Variant%2FDNA=c.5291T>C,,,
c.5297T>G,http://hci-exlovd.hci.utah.edu/variants.php?select_db=BRCA1&action=search_all&search_Variant%2FDNA=c.5297T>G,,,
c.5324T>A,http://hci-exlovd.hci.utah.edu/variants.php?select_db=BRCA1&action=search_all&search_Variant%2FDNA=c.5324T>A,,,
c.5324T>G,http://hci-exlovd.hci.utah.edu/variants.php?select_db=BRCA1&action=search_all&search_Variant%2FDNA=c.5324T>G,,,
c.5359T>A,http://hci-exlovd.hci.utah.edu/variants.php?select_db=BRCA1&action=search_all&search_Variant%2FDNA=c.5359T>A,,,
c.5363G>T,http://hci-exlovd.hci.utah.edu/variants.php?select_db=BRCA1&action=search_all&search_Variant%2FDNA=c.5363G>T,,,
c.536A>G,http://hci-exlovd.hci.utah.edu/variants.php?select_db=BRCA1&action=search_all&search_Variant%2FDNA=c.536A>G,,,
c.5411T>A,http://hci-exlovd.hci.utah.edu/variants.php?select_db=BRCA1&action=search_all&search_Variant%2FDNA=c.5411T>A,,,
c.548-17G>T,http://hci-exlovd.hci.utah.edu/variants.php?select_db=BRCA1&action=search_all&search_Variant%2FDNA=c.548-17G>T,,,
c.5513T>A,http://hci-exlovd.hci.utah.edu/variants.php?select_db=BRCA1&action=search_all&search_Variant%2FDNA=c.5513T>A,,,
c.5572A>C,http://hci-exlovd.hci.utah.edu/variants.php?select_db=BRCA1&action=search_all&search_Variant%2FDNA=c.5572A>C,,,
c.5576C>G,http://hci-exlovd.hci.utah.edu/variants.php?select_db=BRCA1&action=search_all&search_Variant%2FDNA=c.5576C>G,,,
c.557C>A,http://hci-exlovd.hci.utah.edu/variants.php?select_db=BRCA1&action=search_all&search_Variant%2FDNA=c.557C>A,,,
c.571G>A,http://hci-exlovd.hci.utah.edu/variants.php?select_db=BRCA1&action=search_all&search_Variant%2FDNA=c.571G>A,,,
c.65T>C,http://hci-exlovd.hci.utah.edu/variants.php?select_db=BRCA1&action=search_all&search_Variant%2FDNA=c.65T>C,,,
c.736T>G,http://hci-exlovd.hci.utah.edu/variants.php?select_db=BRCA1&action=search_all&search_Variant%2FDNA=c.736T>G,,,
c.81-11delT,http://hci-exlovd.hci.utah.edu/variants.php?select_db=BRCA1&action=search_all&search_Variant%2FDNA=c.81-11delT,,,
c.81-13C>G,http://hci-exlovd.hci.utah.edu/variants.php?select_db=BRCA1&action=search_all&search_Variant%2FDNA=c.81-13C>G,,,
c.839C>G,http://hci-exlovd.hci.utah.edu/variants.php?select_db=BRCA1&action=search_all&search_Variant%2FDNA=c.839C>G,,,
c.891G>A,http://hci-exlovd.hci.utah.edu/variants.php?select_db=BRCA1&action=search_all&search_Variant%2FDNA=c.891G>A,,,
c.5152+1G>T,http://hci-exlovd.hci.utah.edu/variants.php?select_db=BRCA1&action=search_all&search_Variant%2FDNA=c.5152+1G>T,,,